The Barbie movie is based on the eponymous fashion dolls by Mattel. The plot follows Barbie and Ken as they journey through both Barbieland and the real world following an existential crisis. Barbie grossed $1.446 billion worldwide, making it the highest grossing films of 2023.
The Super Mario Bros is based on Nintendo's Mario video game franchise. The plot follows a Brooklyn plumber named Mario who travels through the Mushroom Kingdom. The Super Mario Bros grossed $1.362 billion worldwide, making it one of the second highest grossing films of 2023.
Oppenheimer follows the life of J. Robert Oppenheimer, the American theoretical physicist who helped develop the first nuclear weapons during World War II. Oppenheimer grossed over $976 million worldwide, becoming the third-highest-grossing film of 2023.
Guardians of the Galaxy Vol. 3 follows the Guardians as they race to save the life of Rocket from his creator, the High Evolutionary, who is an alien scientist trying to perfect the universe. The film grossed over $845.6 million worldwide.
In Fast X Toretto must protect his family from Dante Reyes (Momoa), who seeks revenge for his father’s death and the loss of his family’s fortunes. Fast X grossed over $704.875 million worldwide.
The most popular shoe brand in Denmark is Ecco. Ecco is Denmark’s largest shoe brand and is available worldwide.
The most popular shoe brand in the United States is Nike. It’s followed by Adidas and New Balance in terms of popularity.
The most popular shoe brand in Europe EU is Adidas. Other popular shoe brands in Europe include Puma, Hoka One One, Salomon, Diadora, On Running, Superga, Haglöfs, and Helly Hansen.
The most popular shoe brand in China is Nike, which accounted for approximately 9.5 percent of the market in 20221. Other popular shoe brands in China include Adidas, RDF, Nei Lian Sheng, Anta, XTEP, 361 Degrees, PEAK, BeLLE, Qiaodan, and Warrior.
The most famous cookie in Denmark is the Vaniljekranse. These are Danish vanilla butter cookies that are shaped into wreaths. Vaniljekranse are especially popular as Christmas cookies, but you can find them in Denmark year-round.
The most famous cookie in the United Kingdom is the Scottish Shortbread. This decadent biscuit is made with flour, sugar, and a generous amount of butter, giving it a crunchy, crumbly texture with a melt-in-the-mouth feel.
The most famous cookie in the United States is the Chocolate Chip Cookie. This classic American cookie is well balanced between salty and sweet in flavor, tenderly chewy in texture, and filled with small melting chocolate pyramids.
The most famous cookie in Australia is the Anzac Biscuit. These sweet cookies are made from a combination of flour, oats, golden syrup, butter, sugar, coconut, and soda bicarbonate. Both Australia and New Zealand claim to have invented Anzac biscuits.